true_label,predicted_label,predicted_probability_rb,true_class,predicted_class
1,1,0.9434866905212402,RB,RB
1,1,0.756060004234314,RB,RB
1,1,0.9637457728385925,RB,RB
0,1,0.9801401495933533,NRB,RB
0,0,0.04948921501636505,NRB,NRB
0,0,0.009711681865155697,NRB,NRB
0,0,0.2951601445674896,NRB,NRB
0,0,0.05012404918670654,NRB,NRB
0,0,0.02222861908376217,NRB,NRB
0,0,0.01670757867395878,NRB,NRB
1,1,0.9815908670425415,RB,RB
0,0,0.006442020181566477,NRB,NRB
1,1,0.5393396615982056,RB,RB
0,0,0.24908462166786194,NRB,NRB
1,0,0.000799143745098263,RB,NRB
0,0,0.06150658801198006,NRB,NRB
1,1,0.7911194562911987,RB,RB
0,0,0.05743998661637306,NRB,NRB
0,0,0.0017200401052832603,NRB,NRB
1,1,0.9711375832557678,RB,RB
0,0,0.432758629322052,NRB,NRB
0,0,1.2280032933631446e-05,NRB,NRB
0,0,0.021044399589300156,NRB,NRB
1,0,0.451450914144516,RB,NRB
0,0,0.07512599229812622,NRB,NRB
1,1,0.698301374912262,RB,RB
1,0,0.1072394847869873,RB,NRB
0,1,0.8770673274993896,NRB,RB
1,1,0.8149806261062622,RB,RB
0,0,1.812122718547471e-05,NRB,NRB
0,0,0.0006448252242989838,NRB,NRB
0,0,0.15577785670757294,NRB,NRB
0,0,0.025986429303884506,NRB,NRB
1,1,0.86431485414505,RB,RB
0,0,2.244744246127084e-05,NRB,NRB
0,0,0.006583441514521837,NRB,NRB
1,1,0.925067663192749,RB,RB
1,1,0.9480145573616028,RB,RB
0,0,1.9428112807418074e-07,NRB,NRB
1,1,0.8224223852157593,RB,RB
1,1,0.9343400597572327,RB,RB
1,1,0.7718561291694641,RB,RB
0,0,0.0004064157838001847,NRB,NRB
0,0,0.06626788526773453,NRB,NRB
0,0,0.11262883245944977,NRB,NRB
0,0,0.029569266363978386,NRB,NRB
0,1,0.6589896082878113,NRB,RB
0,0,0.0345272570848465,NRB,NRB
0,0,0.011414986103773117,NRB,NRB
0,0,0.00014721079787705094,NRB,NRB
0,0,4.4317399442661554e-05,NRB,NRB
1,1,0.9697057008743286,RB,RB
0,0,0.301127165555954,NRB,NRB
1,1,0.6243249177932739,RB,RB
0,0,0.023174099624156952,NRB,NRB
0,0,0.0026440308429300785,NRB,NRB
0,0,0.12135480344295502,NRB,NRB
0,0,0.1668241173028946,NRB,NRB
1,1,0.9723641872406006,RB,RB
1,1,0.9561786651611328,RB,RB
1,1,0.9205506443977356,RB,RB
1,1,0.9615413546562195,RB,RB
0,0,0.22863870859146118,NRB,NRB
1,1,0.767823338508606,RB,RB
0,0,0.08280402421951294,NRB,NRB
0,0,0.1542997658252716,NRB,NRB
0,0,0.14837267994880676,NRB,NRB
0,0,0.023261861875653267,NRB,NRB
0,0,0.015072791837155819,NRB,NRB
1,1,0.9443328380584717,RB,RB
0,0,0.023469673469662666,NRB,NRB
0,0,0.004154343623667955,NRB,NRB
0,1,0.7064990401268005,NRB,RB
1,1,0.9944350719451904,RB,RB
1,1,0.9324378371238708,RB,RB
0,0,0.02497674897313118,NRB,NRB
1,1,0.8255214691162109,RB,RB
0,1,0.5547952651977539,NRB,RB
0,0,0.023940861225128174,NRB,NRB
0,0,1.144717498391401e-05,NRB,NRB
1,1,0.9821690917015076,RB,RB
0,1,0.9482137560844421,NRB,RB
0,0,0.11547313630580902,NRB,NRB
0,0,0.01052826177328825,NRB,NRB
0,1,0.9804500341415405,NRB,RB
0,0,0.08647976070642471,NRB,NRB
0,0,0.2659762501716614,NRB,NRB
0,0,0.0012624069349840283,NRB,NRB
0,0,0.15076306462287903,NRB,NRB
0,0,0.030544526875019073,NRB,NRB
0,1,0.8320139646530151,NRB,RB
0,0,0.0018773109186440706,NRB,NRB
1,1,0.9692487120628357,RB,RB
1,1,0.9804934859275818,RB,RB
0,0,0.1402202695608139,NRB,NRB
0,0,0.038210682570934296,NRB,NRB
0,0,0.1531757116317749,NRB,NRB
1,1,0.7379913926124573,RB,RB
0,0,0.024037450551986694,NRB,NRB
0,0,0.0015277467900887132,NRB,NRB
1,1,0.9696884751319885,RB,RB
1,1,0.9223242402076721,RB,RB
1,1,0.7251051068305969,RB,RB
0,1,0.6295033693313599,NRB,RB
1,1,0.9742737412452698,RB,RB
0,0,0.03174259141087532,NRB,NRB
0,0,0.042060486972332,NRB,NRB
0,0,0.0859198123216629,NRB,NRB
0,0,0.1356716752052307,NRB,NRB
0,0,0.26731860637664795,NRB,NRB
0,0,0.0013520598877221346,NRB,NRB
1,0,0.0422518365085125,RB,NRB
0,1,0.9039503931999207,NRB,RB
1,1,0.844868004322052,RB,RB
1,1,0.83674156665802,RB,RB
1,1,0.9771502017974854,RB,RB
0,1,0.9656710028648376,NRB,RB
0,0,0.007793349679559469,NRB,NRB
1,1,0.9068820476531982,RB,RB
0,0,0.06776966899633408,NRB,NRB
0,0,0.03214597702026367,NRB,NRB
1,1,0.8659031391143799,RB,RB
0,0,7.044445737847127e-06,NRB,NRB
0,0,0.030424930155277252,NRB,NRB
0,0,0.4804181456565857,NRB,NRB
0,1,0.7268613576889038,NRB,RB
0,0,0.12641267478466034,NRB,NRB
1,0,0.4134853780269623,RB,NRB
0,1,0.5034095048904419,NRB,RB
1,0,0.31783923506736755,RB,NRB
0,0,0.007225559558719397,NRB,NRB
0,1,0.8184641003608704,NRB,RB
0,0,0.27792051434516907,NRB,NRB
0,0,0.15746496617794037,NRB,NRB
0,0,0.17371439933776855,NRB,NRB
1,1,0.9291471242904663,RB,RB
1,1,0.992152988910675,RB,RB
0,0,0.22560682892799377,NRB,NRB
1,1,0.9113412499427795,RB,RB
0,0,0.015462427400052547,NRB,NRB
1,1,0.5909292697906494,RB,RB
1,1,0.9875279068946838,RB,RB
0,0,0.43512555956840515,NRB,NRB
0,1,0.775786817073822,NRB,RB
0,0,0.02222197689116001,NRB,NRB
0,0,0.015023649670183659,NRB,NRB
1,1,0.946333110332489,RB,RB
0,0,0.2613109350204468,NRB,NRB
0,0,0.0775710716843605,NRB,NRB
0,0,3.7500585676752962e-06,NRB,NRB
1,1,0.968559980392456,RB,RB
0,0,0.3148449957370758,NRB,NRB
0,0,0.0001567704020999372,NRB,NRB
0,0,0.11061914265155792,NRB,NRB
0,0,0.4472495913505554,NRB,NRB
0,0,0.41661322116851807,NRB,NRB
1,0,0.2086235135793686,RB,NRB
0,1,0.717235803604126,NRB,RB
0,0,0.043360162526369095,NRB,NRB
1,1,0.9955248832702637,RB,RB
0,0,0.17421311140060425,NRB,NRB
0,0,2.205451210102183e-06,NRB,NRB
0,0,0.414118230342865,NRB,NRB
0,1,0.936650276184082,NRB,RB
1,1,0.8595260381698608,RB,RB
0,1,0.8058804869651794,NRB,RB
0,0,3.2005729735828936e-05,NRB,NRB
0,0,0.05682338401675224,NRB,NRB
1,1,0.9967591166496277,RB,RB
0,1,0.5021623373031616,NRB,RB
0,0,0.2546292245388031,NRB,NRB
0,0,0.27050071954727173,NRB,NRB
0,0,0.1537524163722992,NRB,NRB
1,1,0.7135953307151794,RB,RB
1,1,0.9845730662345886,RB,RB
0,0,0.2834022641181946,NRB,NRB
0,0,0.029418502002954483,NRB,NRB
1,1,0.9093848466873169,RB,RB
1,1,0.9729788303375244,RB,RB
0,1,0.52752286195755,NRB,RB
0,0,0.002044187393039465,NRB,NRB
1,1,0.9944350719451904,RB,RB
1,1,0.9804747700691223,RB,RB
0,0,0.0554400198161602,NRB,NRB
0,0,0.3495505750179291,NRB,NRB
0,1,0.7759525179862976,NRB,RB
0,1,0.7163211703300476,NRB,RB
0,0,0.11171900480985641,NRB,NRB
0,0,0.032676178961992264,NRB,NRB
0,0,0.10319674015045166,NRB,NRB
1,1,0.9808547496795654,RB,RB
0,0,0.24622872471809387,NRB,NRB
0,1,0.6659175157546997,NRB,RB
0,0,0.006203640718013048,NRB,NRB
0,1,0.7561690807342529,NRB,RB
1,1,0.9790664315223694,RB,RB
0,0,0.015390828251838684,NRB,NRB
0,1,0.7553740739822388,NRB,RB
0,1,0.5775052309036255,NRB,RB
0,0,0.0027114746626466513,NRB,NRB
1,1,0.8827677369117737,RB,RB
0,0,0.36093878746032715,NRB,NRB
1,1,0.9832277297973633,RB,RB
1,1,0.5991119146347046,RB,RB
1,1,0.9701050519943237,RB,RB
1,1,0.9784261584281921,RB,RB
1,1,0.6917547583580017,RB,RB
0,0,0.0012246205005794764,NRB,NRB
1,1,0.9293893575668335,RB,RB
0,0,0.0002858733932953328,NRB,NRB
0,0,0.08657209575176239,NRB,NRB
